{"1":{"ACC1":0.04,"ACC2":0.06,"AUDIO1":17.03100456,"AUDIO2":18.11920219,"SCRN1":0,"SCRN2":0},"2":{"ACC1":0.06,"ACC2":0.072,"AUDIO1":24.81198459,"AUDIO2":13.69600592,"SCRN1":0.056024637,"SCRN2":0},"3":{"ACC1":0.072,"ACC2":0.37,"AUDIO1":32.72917605,"AUDIO2":48.78802828,"SCRN1":0.059386983,"SCRN2":0},"5":{"ACC1":0.072,"ACC2":0.37,"AUDIO1":32.72917605,"AUDIO2":48.78802828,"SCRN1":0.059386983,"SCRN2":0}}