{"1":{"ACC1":0.04,"ACC2":0.06,"ACC3":0.06,"ACC4":0.456,"AUDIO1":17.03100456,"AUDIO2":18.11920219,"AUDIO3":25.86316854,"AUDIO4":21.90671893,"SCRN1":0.0,"SCRN2":0.0,"SCRN3":0.079323543,"SCRN4":0.078663244},"2":{"ACC1":0.06,"ACC2":0.072,"ACC3":0.072,"ACC4":0.45,"AUDIO1":24.81198459,"AUDIO2":13.69600592,"AUDIO3":33.35328197,"AUDIO4":49.56007647,"SCRN1":0.056024637,"SCRN2":0.0,"SCRN3":0.078789263,"SCRN4":0.0},"3":{"ACC1":0.072,"ACC2":0.37,"ACC3":0.37,"ACC4":0.06,"AUDIO1":32.72917605,"AUDIO2":48.78802828,"AUDIO3":10.9235531,"AUDIO4":29.26315722,"SCRN1":0.059386983,"SCRN2":0.0,"SCRN3":0.0,"SCRN4":0.033381652},"5":{"ACC1":0.072,"ACC2":0.37,"ACC3":0.37,"ACC4":0.06,"AUDIO1":32.72917605,"AUDIO2":48.78802828,"AUDIO3":10.9235531,"AUDIO4":29.26315722,"SCRN1":0.059386983,"SCRN2":0.0,"SCRN3":0.0,"SCRN4":0.033381652}}