ACC1,ACC2,ACC3,ACC4,AUDIO1,AUDIO2,AUDIO3,AUDIO4,SCRN1,SCRN2,SCRN3,SCRN4
0.5,0.37,0.35,0.37,4.62929217,19.55931214,5,30.07024169,0,0,2,0
0.04,0.06,0.06,0.456,17.03100456,18.11920219,25.86316854,21.90671893,0,0,0.079323543,0.078663244
0,0,0,0,0,0,0,0,0,0,0,0
0.072,0.37,0.37,0.06,32.72917605,48.78802828,10.9235531,29.26315722,0,0,0,0
0.072,0.37,0.37,0.06,32.72917605,48.78802828,0,0,0,0,0,0
0,0,0,0,24.81198459,13.69600592,33.35328197,49.56007647,0,0,0,0